node-1,node-2,
1405014,1383663,
1357715,1327770,
1152581,1312252,
1279658,1327068,
1380990,1323616,
1259174,1365621,
1286185,1328724,
1206284,1322172,
1216494,1354170,
799831,1346627,
1203615,1278669,
1155859,1354064,
1271404,1275288,
1275367,1359811,
1236119,1288566,
1206904,1345468,
1216586,1326354,
1402881,1349058,
1217357,1383838,
1251225,1340274,
1251556,1351983,
1149970,1295264,
1383570,1331711,
1302313,1406918,
1108926,1357731,
1308292,1284615,
1232395,1413916,
1196298,1292955,
1351382,1411299,
1213169,1297915,
